,freq,hour,date_
0,2,7,2010-01-02
1,2,8,2010-01-02
2,4,9,2010-01-02
3,2,10,2010-01-02
4,1,12,2010-01-02
5,1,13,2010-01-02
6,2,16,2010-01-02
7,3,9,2010-01-04
8,3,10,2010-01-04
9,2,11,2010-01-04
10,2,12,2010-01-04
11,3,13,2010-01-04
12,2,14,2010-01-04
13,1,15,2010-01-04
14,1,16,2010-01-04
15,1,17,2010-01-04
16,14,12,2010-01-05
17,14,17,2010-01-06
18,2,7,2010-01-07
19,2,8,2010-01-07
20,1,10,2010-01-07
21,2,11,2010-01-07
22,3,12,2010-01-07
23,1,13,2010-01-07
24,3,14,2010-01-07
25,2,15,2010-01-07
26,2,16,2010-01-07
27,1,7,2010-01-08
28,3,8,2010-01-08
29,3,10,2010-01-08
30,3,11,2010-01-08
31,2,12,2010-01-08
32,2,13,2010-01-08
33,4,14,2010-01-08
34,1,11,2010-01-09
35,6,12,2010-01-09
36,5,13,2010-01-09
37,3,15,2010-01-09
38,3,16,2010-01-09
39,2,10,2010-01-11
40,4,11,2010-01-11
41,4,12,2010-01-11
42,4,14,2010-01-11
43,3,15,2010-01-11
44,1,16,2010-01-11
45,2,8,2010-01-12
46,1,9,2010-01-12
47,2,10,2010-01-12
48,1,11,2010-01-12
49,2,12,2010-01-12
50,2,14,2010-01-12
51,2,15,2010-01-12
52,1,17,2010-01-12
53,1,7,2010-01-13
54,3,8,2010-01-13
55,1,9,2010-01-13
56,1,10,2010-01-13
57,2,11,2010-01-13
58,2,12,2010-01-13
59,2,13,2010-01-13
60,2,15,2010-01-13
61,1,7,2010-01-14
62,5,8,2010-01-14
63,3,10,2010-01-14
64,1,11,2010-01-14
65,1,13,2010-01-14
66,1,14,2010-01-14
67,2,15,2010-01-14
68,2,16,2010-01-14
69,2,7,2010-01-15
70,1,9,2010-01-15
71,3,10,2010-01-15
72,1,11,2010-01-15
73,3,12,2010-01-15
74,2,14,2010-01-15
75,2,15,2010-01-15
76,2,16,2010-01-15
77,2,8,2010-01-17
78,4,13,2010-01-17
79,3,14,2010-01-17
80,2,15,2010-01-17
81,2,16,2010-01-17
82,1,17,2010-01-17
83,2,8,2010-01-18
84,3,9,2010-01-18
85,1,10,2010-01-18
86,2,11,2010-01-18
87,2,12,2010-01-18
88,3,13,2010-01-18
89,1,14,2010-01-18
90,1,15,2010-01-18
91,3,16,2010-01-18
92,1,7,2010-01-19
93,3,8,2010-01-19
94,4,9,2010-01-19
95,3,13,2010-01-19
96,1,14,2010-01-19
97,3,15,2010-01-19
98,1,16,2010-01-19
99,3,7,2010-01-20
100,3,8,2010-01-20
101,2,10,2010-01-20
102,1,11,2010-01-20
103,3,12,2010-01-20
104,1,13,2010-01-20
105,1,14,2010-01-20
106,3,15,2010-01-20
107,1,16,2010-01-20
108,1,7,2010-01-21
109,2,8,2010-01-21
110,3,9,2010-01-21
111,1,11,2010-01-21
112,1,12,2010-01-21
113,3,13,2010-01-21
114,1,14,2010-01-21
115,2,16,2010-01-21
116,2,8,2010-01-22
117,12,12,2010-01-22
118,2,7,2010-01-23
119,1,8,2010-01-23
120,1,9,2010-01-23
121,2,11,2010-01-23
122,4,12,2010-01-23
123,3,14,2010-01-23
124,1,15,2010-01-23
125,2,16,2010-01-23
126,2,7,2010-01-25
127,6,8,2010-01-25
128,5,15,2010-01-25
129,1,16,2010-01-25
130,2,10,2010-01-26
131,3,11,2010-01-26
132,2,12,2010-01-26
133,3,13,2010-01-26
134,2,15,2010-01-26
135,4,16,2010-01-26
136,2,8,2010-01-27
137,2,9,2010-01-27
138,3,10,2010-01-27
139,1,11,2010-01-27
140,2,12,2010-01-27
141,1,13,2010-01-27
142,3,14,2010-01-27
143,2,16,2010-01-27
144,3,8,2010-01-28
145,1,9,2010-01-28
146,3,11,2010-01-28
147,2,12,2010-01-28
148,1,13,2010-01-28
149,3,14,2010-01-28
150,5,16,2010-01-28
151,2,8,2010-01-29
152,1,9,2010-01-29
153,2,10,2010-01-29
154,2,11,2010-01-29
155,3,12,2010-01-29
156,2,13,2010-01-29
157,2,14,2010-01-29
158,2,16,2010-01-29
159,2,7,2010-01-30
160,2,8,2010-01-30
161,2,10,2010-01-30
162,2,11,2010-01-30
163,2,12,2010-01-30
164,2,13,2010-01-30
165,2,16,2010-01-30
166,2,7,2010-02-01
167,2,8,2010-02-01
168,2,9,2010-02-01
169,3,10,2010-02-01
170,3,11,2010-02-01
171,2,12,2010-02-01
172,1,13,2010-02-01
173,5,7,2010-02-02
174,6,8,2010-02-02
175,7,9,2010-02-02
176,1,7,2010-02-03
177,1,8,2010-02-03
178,1,11,2010-02-03
179,2,12,2010-02-03
180,3,13,2010-02-03
181,3,15,2010-02-03
182,3,16,2010-02-03
183,1,7,2010-02-04
184,3,8,2010-02-04
185,2,11,2010-02-04
186,2,12,2010-02-04
187,2,13,2010-02-04
188,2,14,2010-02-04
189,2,15,2010-02-04
190,3,16,2010-02-04
191,1,17,2010-02-04
192,4,10,2010-02-05
193,1,12,2010-02-05
194,3,13,2010-02-05
195,1,14,2010-02-05
196,3,15,2010-02-05
197,2,16,2010-02-05
198,5,7,2010-02-07
199,5,8,2010-02-07
200,1,12,2010-02-07
201,5,13,2010-02-07
202,1,7,2010-02-08
203,2,8,2010-02-08
204,2,9,2010-02-08
205,1,10,2010-02-08
206,1,11,2010-02-08
207,3,12,2010-02-08
208,1,13,2010-02-08
209,2,14,2010-02-08
210,1,15,2010-02-08
211,1,8,2010-02-09
212,1,9,2010-02-09
213,1,10,2010-02-09
214,1,11,2010-02-09
215,2,13,2010-02-09
216,2,15,2010-02-09
217,4,16,2010-02-09
218,2,8,2010-02-10
219,2,9,2010-02-10
220,2,10,2010-02-10
221,3,11,2010-02-10
222,2,12,2010-02-10
223,1,13,2010-02-10
224,2,14,2010-02-10
225,1,15,2010-02-10
226,1,16,2010-02-10
227,2,7,2010-02-11
228,2,9,2010-02-11
229,2,13,2010-02-11
230,3,14,2010-02-11
231,3,15,2010-02-11
232,2,16,2010-02-11
233,2,7,2010-02-12
234,2,8,2010-02-12
235,4,9,2010-02-12
236,2,12,2010-02-12
237,1,14,2010-02-12
238,1,15,2010-02-12
239,2,16,2010-02-12
240,1,8,2010-02-15
241,7,9,2010-02-15
242,2,11,2010-02-15
243,2,13,2010-02-15
244,2,17,2010-02-15
245,4,7,2010-02-16
246,4,9,2010-02-16
247,5,13,2010-02-16
248,3,14,2010-02-16
249,2,7,2010-02-17
250,2,8,2010-02-17
251,2,9,2010-02-17
252,2,13,2010-02-17
253,1,14,2010-02-17
254,1,15,2010-02-17
255,2,16,2010-02-17
256,2,7,2010-02-18
257,4,8,2010-02-18
258,4,13,2010-02-18
259,2,8,2010-02-19
260,3,9,2010-02-19
261,1,10,2010-02-19
262,2,11,2010-02-19
263,2,13,2010-02-19
264,2,14,2010-02-19
265,1,15,2010-02-19
266,2,16,2010-02-19
267,1,17,2010-02-19
268,2,7,2010-02-20
269,2,8,2010-02-20
270,2,9,2010-02-20
271,1,11,2010-02-20
272,2,12,2010-02-20
273,1,13,2010-02-20
274,3,14,2010-02-20
275,1,15,2010-02-20
276,2,16,2010-02-20
277,1,7,2010-02-21
278,1,8,2010-02-21
279,2,9,2010-02-21
280,3,11,2010-02-21
281,1,12,2010-02-21
282,1,13,2010-02-21
283,3,14,2010-02-21
284,1,15,2010-02-21
285,3,16,2010-02-21
286,2,7,2010-02-22
287,2,8,2010-02-22
288,3,10,2010-02-22
289,2,11,2010-02-22
290,3,12,2010-02-22
291,1,13,2010-02-22
292,2,14,2010-02-22
293,1,15,2010-02-22
294,1,16,2010-02-22
295,1,7,2010-02-23
296,3,8,2010-02-23
297,2,10,2010-02-23
298,3,12,2010-02-23
299,2,13,2010-02-23
300,1,14,2010-02-23
301,2,15,2010-02-23
302,2,16,2010-02-23
303,4,7,2010-02-24
304,7,9,2010-02-24
305,1,10,2010-02-24
306,2,16,2010-02-24
307,1,17,2010-02-24
308,6,13,2010-02-25
309,6,14,2010-02-25
310,6,15,2010-02-25
311,2,8,2010-02-26
312,2,10,2010-02-26
313,1,11,2010-02-26
314,3,12,2010-02-26
315,2,13,2010-02-26
316,2,14,2010-02-26
317,2,15,2010-02-26
318,14,7,2010-02-28
319,1,7,2010-03-01
320,3,8,2010-03-01
321,2,9,2010-03-01
322,5,11,2010-03-01
323,3,12,2010-03-01
324,4,16,2010-03-01
325,2,7,2010-03-02
326,2,9,2010-03-02
327,2,10,2010-03-02
328,1,11,2010-03-02
329,1,12,2010-03-02
330,2,14,2010-03-02
331,1,16,2010-03-02
332,1,17,2010-03-02
333,1,7,2010-03-03
334,2,8,2010-03-03
335,1,9,2010-03-03
336,4,13,2010-03-03
337,2,14,2010-03-03
338,2,15,2010-03-03
339,3,16,2010-03-03
340,1,17,2010-03-03
341,2,7,2010-03-04
342,2,8,2010-03-04
343,1,10,2010-03-04
344,1,11,2010-03-04
345,2,13,2010-03-04
346,1,14,2010-03-04
347,1,15,2010-03-04
348,2,16,2010-03-04
349,2,7,2010-03-05
350,1,8,2010-03-05
351,2,9,2010-03-05
352,1,10,2010-03-05
353,3,12,2010-03-05
354,1,13,2010-03-05
355,2,14,2010-03-05
356,2,15,2010-03-05
357,1,7,2010-03-08
358,2,8,2010-03-08
359,3,9,2010-03-08
360,2,12,2010-03-08
361,2,15,2010-03-08
362,2,16,2010-03-08
363,2,11,2010-03-09
364,3,12,2010-03-09
365,5,13,2010-03-09
366,4,15,2010-03-09
367,2,16,2010-03-09
368,2,17,2010-03-09
369,16,7,2010-03-10
370,3,7,2010-03-11
371,1,8,2010-03-11
372,5,10,2010-03-11
373,1,11,2010-03-11
374,1,12,2010-03-11
375,3,13,2010-03-11
376,2,16,2010-03-11
377,3,9,2010-03-12
378,1,10,2010-03-12
379,5,12,2010-03-12
380,1,13,2010-03-12
381,6,14,2010-03-12
382,2,15,2010-03-12
383,1,7,2010-03-15
384,3,8,2010-03-15
385,3,9,2010-03-15
386,1,10,2010-03-15
387,2,14,2010-03-15
388,3,15,2010-03-15
389,3,16,2010-03-15
390,2,8,2010-03-16
391,1,9,2010-03-16
392,3,10,2010-03-16
393,2,11,2010-03-16
394,2,12,2010-03-16
395,2,16,2010-03-16
396,2,17,2010-03-16
397,1,7,2010-03-17
398,2,8,2010-03-17
399,1,9,2010-03-17
400,2,10,2010-03-17
401,1,11,2010-03-17
402,2,12,2010-03-17
403,3,13,2010-03-17
404,2,15,2010-03-17
405,2,16,2010-03-17
406,2,7,2010-03-18
407,1,8,2010-03-18
408,1,9,2010-03-18
409,2,10,2010-03-18
410,2,11,2010-03-18
411,2,12,2010-03-18
412,2,14,2010-03-18
413,2,15,2010-03-18
414,2,16,2010-03-18
415,4,8,2010-03-19
416,1,9,2010-03-19
417,3,10,2010-03-19
418,2,13,2010-03-19
419,1,14,2010-03-19
420,1,15,2010-03-19
421,2,16,2010-03-19
422,3,8,2010-03-22
423,1,9,2010-03-22
424,2,10,2010-03-22
425,3,12,2010-03-22
426,3,13,2010-03-22
427,1,14,2010-03-22
428,2,15,2010-03-22
429,2,9,2010-03-23
430,3,10,2010-03-23
431,1,11,2010-03-23
432,1,13,2010-03-23
433,3,14,2010-03-23
434,2,15,2010-03-23
435,2,16,2010-03-23
436,2,7,2010-03-24
437,3,8,2010-03-24
438,1,9,2010-03-24
439,2,10,2010-03-24
440,1,12,2010-03-24
441,1,13,2010-03-24
442,4,14,2010-03-24
443,2,15,2010-03-24
444,2,7,2010-03-25
445,4,9,2010-03-25
446,1,10,2010-03-25
447,1,11,2010-03-25
448,1,14,2010-03-25
449,3,15,2010-03-25
450,2,16,2010-03-25
451,3,7,2010-03-26
452,1,8,2010-03-26
453,8,11,2010-03-26
454,2,12,2010-03-26
455,4,13,2010-03-26
456,4,9,2010-03-29
457,2,10,2010-03-29
458,1,11,2010-03-29
459,2,12,2010-03-29
460,2,13,2010-03-29
461,3,14,2010-03-29
462,2,16,2010-03-29
463,1,12,2010-03-30
464,3,13,2010-03-30
465,6,14,2010-03-30
466,2,15,2010-03-30
467,5,16,2010-03-30
468,1,17,2010-03-30
469,2,7,2010-03-31
470,2,9,2010-03-31
471,6,10,2010-03-31
472,4,11,2010-03-31
473,1,7,2010-04-01
474,1,8,2010-04-01
475,2,9,2010-04-01
476,3,11,2010-04-01
477,2,12,2010-04-01
478,1,13,2010-04-01
479,2,14,2010-04-01
480,1,16,2010-04-01
481,1,17,2010-04-01
482,1,8,2010-04-05
483,4,9,2010-04-05
484,2,10,2010-04-05
485,2,11,2010-04-05
486,1,12,2010-04-05
487,2,14,2010-04-05
488,3,15,2010-04-05
489,1,16,2010-04-05
490,3,10,2010-04-06
491,1,11,2010-04-06
492,3,12,2010-04-06
493,2,13,2010-04-06
494,3,14,2010-04-06
495,2,15,2010-04-06
496,1,16,2010-04-06
497,1,17,2010-04-06
498,2,8,2010-04-07
499,2,10,2010-04-07
500,1,11,2010-04-07
501,1,12,2010-04-07
502,2,13,2010-04-07
503,2,14,2010-04-07
504,2,15,2010-04-07
505,2,16,2010-04-07
506,3,8,2010-04-08
507,1,9,2010-04-08
508,3,10,2010-04-08
509,3,11,2010-04-08
510,2,12,2010-04-08
511,4,13,2010-04-08
512,3,14,2010-04-09
513,5,15,2010-04-09
514,5,16,2010-04-09
515,1,17,2010-04-09
516,2,8,2010-04-12
517,2,9,2010-04-12
518,4,10,2010-04-12
519,2,11,2010-04-12
520,4,13,2010-04-12
521,1,14,2010-04-12
522,1,15,2010-04-12
523,2,10,2010-04-13
524,4,12,2010-04-13
525,3,13,2010-04-13
526,2,14,2010-04-13
527,1,15,2010-04-13
528,4,16,2010-04-13
529,2,8,2010-04-14
530,2,9,2010-04-14
531,2,10,2010-04-14
532,2,11,2010-04-14
533,2,13,2010-04-14
534,1,14,2010-04-14
535,2,15,2010-04-14
536,2,16,2010-04-14
537,1,17,2010-04-14
538,2,8,2010-04-15
539,2,9,2010-04-15
540,1,11,2010-04-15
541,2,12,2010-04-15
542,2,13,2010-04-15
543,2,14,2010-04-15
544,1,17,2010-04-15
545,1,8,2010-04-16
546,1,9,2010-04-16
547,2,10,2010-04-16
548,2,12,2010-04-16
549,4,13,2010-04-16
550,4,14,2010-04-16
551,2,15,2010-04-16
552,1,16,2010-04-16
553,1,17,2010-04-16
554,2,7,2010-04-17
555,2,8,2010-04-17
556,4,9,2010-04-17
557,2,10,2010-04-17
558,2,11,2010-04-17
559,2,12,2010-04-17
560,2,13,2010-04-17
561,1,15,2010-04-17
562,1,16,2010-04-17
563,2,7,2010-04-19
564,3,8,2010-04-19
565,1,9,2010-04-19
566,1,10,2010-04-19
567,1,11,2010-04-19
568,3,12,2010-04-19
569,3,13,2010-04-19
570,2,15,2010-04-19
571,2,16,2010-04-19
572,1,7,2010-04-20
573,2,8,2010-04-20
574,1,9,2010-04-20
575,3,12,2010-04-20
576,3,13,2010-04-20
577,2,14,2010-04-20
578,3,15,2010-04-20
579,1,16,2010-04-20
580,2,8,2010-04-21
581,3,9,2010-04-21
582,4,10,2010-04-21
583,1,11,2010-04-21
584,2,12,2010-04-21
585,5,14,2010-04-21
586,1,15,2010-04-21
587,2,7,2010-04-22
588,3,8,2010-04-22
589,1,9,2010-04-22
590,1,13,2010-04-22
591,3,14,2010-04-22
592,2,15,2010-04-22
593,3,16,2010-04-22
594,1,17,2010-04-22
595,5,12,2010-04-23
596,5,13,2010-04-23
597,2,14,2010-04-23
598,1,15,2010-04-23
599,4,16,2010-04-23
600,1,17,2010-04-23
601,1,8,2010-04-24
602,1,9,2010-04-24
603,3,10,2010-04-24
604,1,11,2010-04-24
605,2,12,2010-04-24
606,2,15,2010-04-24
607,1,16,2010-04-24
608,1,17,2010-04-24
609,4,7,2010-04-26
610,4,8,2010-04-26
611,4,9,2010-04-26
612,1,12,2010-04-26
613,5,13,2010-04-26
614,5,10,2010-04-27
615,3,11,2010-04-27
616,7,14,2010-04-27
617,3,15,2010-04-27
618,1,7,2010-04-28
619,4,8,2010-04-28
620,1,9,2010-04-28
621,3,10,2010-04-28
622,1,11,2010-04-28
623,2,8,2010-04-29
624,4,9,2010-04-29
625,2,11,2010-04-29
626,4,12,2010-04-29
627,1,13,2010-04-29
628,1,14,2010-04-29
629,2,15,2010-04-29
630,1,16,2010-04-29
631,1,17,2010-04-29
632,4,12,2010-04-30
633,3,13,2010-04-30
634,7,14,2010-04-30
635,2,7,2010-05-01
636,1,8,2010-05-01
637,3,9,2010-05-01
638,2,12,2010-05-01
639,2,13,2010-05-01
640,2,14,2010-05-01
641,2,15,2010-05-01
642,2,16,2010-05-01
643,2,8,2010-05-02
644,1,9,2010-05-02
645,2,10,2010-05-02
646,1,11,2010-05-02
647,2,12,2010-05-02
648,1,13,2010-05-02
649,3,14,2010-05-02
650,2,15,2010-05-02
651,2,16,2010-05-02
652,3,7,2010-05-03
653,1,8,2010-05-03
654,2,9,2010-05-03
655,1,10,2010-05-03
656,3,11,2010-05-03
657,1,14,2010-05-03
658,3,15,2010-05-03
659,1,16,2010-05-03
660,4,8,2010-05-04
661,1,9,2010-05-04
662,3,10,2010-05-04
663,2,13,2010-05-04
664,2,14,2010-05-04
665,2,15,2010-05-04
666,3,16,2010-05-04
667,1,17,2010-05-04
668,2,8,2010-05-05
669,1,10,2010-05-05
670,1,11,2010-05-05
671,3,12,2010-05-05
672,1,13,2010-05-05
673,2,14,2010-05-05
674,2,15,2010-05-05
675,2,17,2010-05-05
676,2,7,2010-05-06
677,6,9,2010-05-06
678,2,10,2010-05-06
679,4,11,2010-05-06
680,4,15,2010-05-06
681,3,8,2010-05-07
682,1,9,2010-05-07
683,2,10,2010-05-07
684,3,11,2010-05-07
685,1,12,2010-05-07
686,4,15,2010-05-07
687,2,16,2010-05-07
688,4,7,2010-05-08
689,3,9,2010-05-08
690,1,10,2010-05-08
691,2,13,2010-05-08
692,2,15,2010-05-08
693,3,16,2010-05-08
694,1,17,2010-05-08
695,1,9,2010-05-10
696,3,10,2010-05-10
697,2,11,2010-05-10
698,1,12,2010-05-10
699,3,13,2010-05-10
700,2,15,2010-05-10
701,2,17,2010-05-10
702,1,7,2010-05-11
703,2,8,2010-05-11
704,3,9,2010-05-11
705,3,10,2010-05-11
706,2,11,2010-05-11
707,1,12,2010-05-11
708,2,15,2010-05-11
709,2,16,2010-05-11
710,2,17,2010-05-11
711,1,7,2010-05-12
712,3,8,2010-05-12
713,2,9,2010-05-12
714,2,10,2010-05-12
715,2,11,2010-05-12
716,2,13,2010-05-12
717,2,14,2010-05-12
718,2,15,2010-05-12
719,2,7,2010-05-13
720,3,9,2010-05-13
721,1,10,2010-05-13
722,2,11,2010-05-13
723,4,12,2010-05-13
724,2,14,2010-05-13
725,4,15,2010-05-13
726,1,7,2010-05-14
727,2,8,2010-05-14
728,3,9,2010-05-14
729,2,10,2010-05-14
730,4,13,2010-05-14
731,2,7,2010-05-17
732,2,8,2010-05-17
733,2,9,2010-05-17
734,2,10,2010-05-17
735,2,11,2010-05-17
736,2,12,2010-05-17
737,1,15,2010-05-17
738,1,16,2010-05-17
739,1,8,2010-05-18
740,1,9,2010-05-18
741,2,10,2010-05-18
742,1,11,2010-05-18
743,1,12,2010-05-18
744,2,13,2010-05-18
745,2,14,2010-05-18
746,2,15,2010-05-18
747,1,16,2010-05-18
748,1,17,2010-05-18
749,1,7,2010-05-19
750,2,9,2010-05-19
751,2,10,2010-05-19
752,1,11,2010-05-19
753,3,12,2010-05-19
754,3,13,2010-05-19
755,3,14,2010-05-19
756,1,15,2010-05-19
757,2,17,2010-05-19
758,4,7,2010-05-20
759,1,8,2010-05-20
760,1,9,2010-05-20
761,2,11,2010-05-20
762,2,12,2010-05-20
763,1,13,2010-05-20
764,2,14,2010-05-20
765,2,15,2010-05-20
766,1,16,2010-05-20
767,2,7,2010-05-21
768,2,8,2010-05-21
769,4,9,2010-05-21
770,2,10,2010-05-21
771,2,11,2010-05-21
772,2,13,2010-05-21
773,2,14,2010-05-21
774,2,8,2010-05-22
775,2,10,2010-05-22
776,3,11,2010-05-22
777,3,12,2010-05-22
778,2,14,2010-05-22
779,2,17,2010-05-22
780,2,8,2010-05-24
781,2,9,2010-05-24
782,2,10,2010-05-24
783,3,11,2010-05-24
784,1,12,2010-05-24
785,2,13,2010-05-24
786,2,14,2010-05-24
787,2,15,2010-05-24
788,4,14,2010-05-25
789,6,15,2010-05-25
790,5,16,2010-05-25
791,1,17,2010-05-25
792,3,8,2010-05-26
793,2,9,2010-05-26
794,3,10,2010-05-26
795,2,11,2010-05-26
796,2,16,2010-05-26
797,4,14,2010-05-27
798,4,15,2010-05-27
799,4,16,2010-05-27
800,4,7,2010-05-28
801,4,8,2010-05-28
802,4,10,2010-05-28
803,2,11,2010-05-28
804,3,7,2010-06-01
805,1,8,2010-06-01
806,2,10,2010-06-01
807,4,11,2010-06-01
808,2,12,2010-06-01
809,2,14,2010-06-01
810,2,15,2010-06-01
811,3,7,2010-06-02
812,1,8,2010-06-02
813,3,9,2010-06-02
814,1,10,2010-06-02
815,2,11,2010-06-02
816,2,12,2010-06-02
817,2,14,2010-06-02
818,2,15,2010-06-02
819,2,16,2010-06-02
820,1,7,2010-06-03
821,2,8,2010-06-03
822,1,9,2010-06-03
823,3,10,2010-06-03
824,3,11,2010-06-03
825,2,12,2010-06-03
826,2,14,2010-06-03
827,3,15,2010-06-03
828,1,16,2010-06-03
829,2,7,2010-06-04
830,2,8,2010-06-04
831,3,9,2010-06-04
832,5,10,2010-06-04
833,4,11,2010-06-04
834,1,16,2010-06-04
835,1,17,2010-06-04
836,14,14,2010-06-07
837,4,9,2010-06-08
838,4,11,2010-06-08
839,2,12,2010-06-08
840,2,14,2010-06-08
841,3,15,2010-06-08
842,1,16,2010-06-08
843,2,10,2010-06-09
844,6,11,2010-06-09
845,6,12,2010-06-09
846,3,16,2010-06-09
847,1,17,2010-06-09
848,2,7,2010-06-10
849,2,8,2010-06-10
850,2,10,2010-06-10
851,3,12,2010-06-10
852,1,13,2010-06-10
853,3,14,2010-06-10
854,2,15,2010-06-10
855,1,16,2010-06-10
856,2,7,2010-06-11
857,2,8,2010-06-11
858,2,9,2010-06-11
859,1,10,2010-06-11
860,1,11,2010-06-11
861,2,12,2010-06-11
862,2,13,2010-06-11
863,2,15,2010-06-11
864,4,8,2010-06-12
865,1,9,2010-06-12
866,1,10,2010-06-12
867,2,11,2010-06-12
868,1,12,2010-06-12
869,1,14,2010-06-12
870,4,15,2010-06-12
871,1,16,2010-06-12
872,5,10,2010-06-13
873,5,11,2010-06-13
874,8,12,2010-06-13
875,8,10,2010-06-14
876,5,11,2010-06-14
877,3,12,2010-06-14
878,3,7,2010-06-15
879,3,8,2010-06-15
880,4,10,2010-06-15
881,4,11,2010-06-15
882,2,7,2010-06-16
883,5,8,2010-06-16
884,1,9,2010-06-16
885,1,11,2010-06-16
886,2,12,2010-06-16
887,1,13,2010-06-16
888,2,15,2010-06-16
889,2,10,2010-06-17
890,2,11,2010-06-17
891,1,12,2010-06-17
892,2,13,2010-06-17
893,3,14,2010-06-17
894,3,15,2010-06-17
895,1,16,2010-06-17
896,4,9,2010-06-18
897,4,11,2010-06-18
898,2,12,2010-06-18
899,2,13,2010-06-18
900,2,14,2010-06-18
901,2,8,2010-06-20
902,4,10,2010-06-20
903,2,11,2010-06-20
904,2,12,2010-06-20
905,1,13,2010-06-20
906,3,14,2010-06-20
907,1,15,2010-06-20
908,3,16,2010-06-20
909,2,9,2010-06-21
910,2,10,2010-06-21
911,3,11,2010-06-21
912,1,12,2010-06-21
913,2,14,2010-06-21
914,1,15,2010-06-21
915,1,16,2010-06-21
916,3,8,2010-06-22
917,2,9,2010-06-22
918,3,10,2010-06-22
919,1,11,2010-06-22
920,1,12,2010-06-22
921,3,13,2010-06-22
922,1,14,2010-06-22
923,2,15,2010-06-22
924,6,7,2010-06-23
925,4,8,2010-06-23
926,2,10,2010-06-23
927,6,14,2010-06-23
928,6,8,2010-06-24
929,3,16,2010-06-24
930,9,17,2010-06-24
931,2,7,2010-06-25
932,4,10,2010-06-25
933,3,12,2010-06-25
934,3,13,2010-06-25
935,2,14,2010-06-25
936,4,16,2010-06-25
937,1,9,2010-06-26
938,3,10,2010-06-26
939,4,12,2010-06-26
940,1,13,2010-06-26
941,5,14,2010-06-26
942,4,15,2010-06-26
943,6,8,2010-06-28
944,7,11,2010-06-28
945,1,12,2010-06-28
946,2,7,2010-06-29
947,3,9,2010-06-29
948,1,11,2010-06-29
949,2,12,2010-06-29
950,2,15,2010-06-29
951,3,16,2010-06-29
952,1,17,2010-06-29
953,3,7,2010-06-30
954,3,8,2010-06-30
955,2,9,2010-06-30
956,6,13,2010-06-30
957,2,16,2010-06-30
958,4,8,2010-07-01
959,2,9,2010-07-01
960,2,11,2010-07-01
961,2,12,2010-07-01
962,2,13,2010-07-01
963,2,14,2010-07-01
964,2,15,2010-07-01
965,2,16,2010-07-01
966,4,9,2010-07-02
967,2,11,2010-07-02
968,1,12,2010-07-02
969,1,13,2010-07-02
970,1,14,2010-07-02
971,2,15,2010-07-02
972,1,16,2010-07-02
973,3,9,2010-07-04
974,2,10,2010-07-04
975,3,11,2010-07-04
976,2,12,2010-07-04
977,2,13,2010-07-04
978,2,14,2010-07-04
979,2,15,2010-07-04
980,2,9,2010-07-06
981,3,10,2010-07-06
982,1,11,2010-07-06
983,3,12,2010-07-06
984,2,13,2010-07-06
985,2,14,2010-07-06
986,1,15,2010-07-06
987,1,16,2010-07-06
988,1,17,2010-07-06
989,2,8,2010-07-07
990,2,9,2010-07-07
991,2,10,2010-07-07
992,3,12,2010-07-07
993,3,14,2010-07-07
994,2,7,2010-07-08
995,2,10,2010-07-08
996,1,11,2010-07-08
997,3,12,2010-07-08
998,2,14,2010-07-08
999,2,15,2010-07-08
1000,2,16,2010-07-08
1001,2,8,2010-07-09
1002,2,9,2010-07-09
1003,2,10,2010-07-09
1004,2,11,2010-07-09
1005,2,12,2010-07-09
1006,2,13,2010-07-09
1007,2,14,2010-07-09
1008,2,15,2010-07-09
1009,1,16,2010-07-09
1010,1,17,2010-07-09
1011,5,8,2010-07-12
1012,3,9,2010-07-12
1013,4,11,2010-07-12
1014,2,12,2010-07-12
1015,2,13,2010-07-12
1016,4,7,2010-07-13
1017,2,9,2010-07-13
1018,3,10,2010-07-13
1019,4,11,2010-07-13
1020,1,12,2010-07-13
1021,3,8,2010-07-14
1022,1,9,2010-07-14
1023,2,10,2010-07-14
1024,2,12,2010-07-14
1025,1,13,2010-07-14
1026,2,14,2010-07-14
1027,3,15,2010-07-14
1028,2,17,2010-07-14
1029,1,7,2010-07-15
1030,3,8,2010-07-15
1031,2,9,2010-07-15
1032,2,10,2010-07-15
1033,2,12,2010-07-15
1034,2,13,2010-07-15
1035,3,15,2010-07-15
1036,1,16,2010-07-15
1037,4,7,2010-07-16
1038,4,12,2010-07-16
1039,2,14,2010-07-16
1040,2,15,2010-07-16
1041,3,16,2010-07-16
1042,1,17,2010-07-16
1043,2,8,2010-07-17
1044,2,9,2010-07-17
1045,2,11,2010-07-17
1046,2,13,2010-07-17
1047,1,14,2010-07-17
1048,1,15,2010-07-17
1049,3,16,2010-07-17
1050,1,17,2010-07-17
1051,1,7,2010-07-18
1052,1,8,2010-07-18
1053,2,9,2010-07-18
1054,1,10,2010-07-18
1055,2,11,2010-07-18
1056,1,12,2010-07-18
1057,2,14,2010-07-18
1058,2,15,2010-07-18
1059,2,16,2010-07-18
1060,2,7,2010-07-19
1061,2,8,2010-07-19
1062,3,9,2010-07-19
1063,2,10,2010-07-19
1064,1,11,2010-07-19
1065,3,15,2010-07-19
1066,1,16,2010-07-19
1067,2,17,2010-07-19
1068,2,7,2010-07-20
1069,2,10,2010-07-20
1070,2,11,2010-07-20
1071,1,12,2010-07-20
1072,3,13,2010-07-20
1073,3,15,2010-07-20
1074,3,16,2010-07-20
1075,2,7,2010-07-21
1076,2,8,2010-07-21
1077,5,13,2010-07-21
1078,1,14,2010-07-21
1079,3,16,2010-07-21
1080,1,17,2010-07-21
1081,4,9,2010-07-22
1082,1,12,2010-07-22
1083,3,13,2010-07-22
1084,6,15,2010-07-22
1085,2,16,2010-07-22
1086,1,7,2010-07-23
1087,1,8,2010-07-23
1088,2,9,2010-07-23
1089,2,10,2010-07-23
1090,3,11,2010-07-23
1091,1,12,2010-07-23
1092,3,13,2010-07-23
1093,1,14,2010-07-23
1094,2,15,2010-07-23
1095,1,7,2010-07-26
1096,1,8,2010-07-26
1097,2,9,2010-07-26
1098,2,10,2010-07-26
1099,1,11,2010-07-26
1100,3,12,2010-07-26
1101,3,13,2010-07-26
1102,1,14,2010-07-26
1103,1,7,2010-07-27
1104,1,8,2010-07-27
1105,2,9,2010-07-27
1106,5,10,2010-07-27
1107,4,11,2010-07-27
1108,1,12,2010-07-27
1109,4,15,2010-07-27
1110,2,16,2010-07-27
1111,6,14,2010-07-28
1112,9,15,2010-07-28
1113,1,16,2010-07-28
1114,1,7,2010-07-29
1115,3,8,2010-07-29
1116,4,9,2010-07-29
1117,2,10,2010-07-29
1118,1,12,2010-07-29
1119,1,14,2010-07-29
1120,2,7,2010-07-30
1121,2,10,2010-07-30
1122,4,11,2010-07-30
1123,3,13,2010-07-30
1124,2,14,2010-07-30
1125,3,15,2010-07-30
1126,1,16,2010-07-30
1127,1,17,2010-07-30
1128,2,8,2010-07-31
1129,1,10,2010-07-31
1130,2,11,2010-07-31
1131,1,12,2010-07-31
1132,1,13,2010-07-31
1133,3,14,2010-07-31
1134,2,15,2010-07-31
1135,1,16,2010-07-31
1136,1,17,2010-07-31
1137,2,8,2010-08-02
1138,2,9,2010-08-02
1139,1,10,2010-08-02
1140,4,11,2010-08-02
1141,1,12,2010-08-02
1142,2,13,2010-08-02
1143,2,14,2010-08-02
1144,2,16,2010-08-02
1145,1,7,2010-08-03
1146,3,8,2010-08-03
1147,1,10,2010-08-03
1148,1,12,2010-08-03
1149,3,13,2010-08-03
1150,2,14,2010-08-03
1151,1,15,2010-08-03
1152,2,16,2010-08-03
1153,2,7,2010-08-04
1154,1,8,2010-08-04
1155,1,9,2010-08-04
1156,2,10,2010-08-04
1157,1,11,2010-08-04
1158,1,12,2010-08-04
1159,2,15,2010-08-04
1160,1,7,2010-08-05
1161,3,8,2010-08-05
1162,2,10,2010-08-05
1163,2,11,2010-08-05
1164,3,13,2010-08-05
1165,1,14,2010-08-05
1166,2,15,2010-08-05
1167,2,16,2010-08-05
1168,4,7,2010-08-06
1169,3,8,2010-08-06
1170,5,9,2010-08-06
1171,3,10,2010-08-06
1172,1,11,2010-08-06
1173,2,12,2010-08-06
1174,16,9,2010-08-08
1175,2,7,2010-08-09
1176,3,9,2010-08-09
1177,1,10,2010-08-09
1178,2,12,2010-08-09
1179,2,13,2010-08-09
1180,2,14,2010-08-09
1181,2,16,2010-08-09
1182,2,7,2010-08-10
1183,2,8,2010-08-10
1184,2,9,2010-08-10
1185,2,10,2010-08-10
1186,2,11,2010-08-10
1187,2,12,2010-08-10
1188,2,14,2010-08-10
1189,2,16,2010-08-10
1190,2,7,2010-08-11
1191,2,9,2010-08-11
1192,1,10,2010-08-11
1193,1,11,2010-08-11
1194,2,12,2010-08-11
1195,2,13,2010-08-11
1196,2,15,2010-08-11
1197,4,16,2010-08-11
1198,1,9,2010-08-12
1199,6,10,2010-08-12
1200,1,11,2010-08-12
1201,4,13,2010-08-12
1202,4,14,2010-08-12
1203,2,16,2010-08-12
1204,4,7,2010-08-13
1205,1,8,2010-08-13
1206,3,9,2010-08-13
1207,2,12,2010-08-13
1208,1,14,2010-08-13
1209,3,15,2010-08-13
1210,2,16,2010-08-13
1211,2,8,2010-08-14
1212,2,9,2010-08-14
1213,2,10,2010-08-14
1214,2,12,2010-08-14
1215,5,13,2010-08-14
1216,1,14,2010-08-14
1217,1,15,2010-08-14
1218,1,16,2010-08-14
1219,2,7,2010-08-15
1220,2,8,2010-08-15
1221,2,9,2010-08-15
1222,1,10,2010-08-15
1223,1,11,2010-08-15
1224,1,12,2010-08-15
1225,2,13,2010-08-15
1226,3,14,2010-08-15
1227,1,15,2010-08-15
1228,1,16,2010-08-15
1229,2,17,2010-08-15
1230,3,9,2010-08-16
1231,4,11,2010-08-16
1232,1,12,2010-08-16
1233,5,13,2010-08-16
1234,2,14,2010-08-16
1235,1,16,2010-08-16
1236,3,7,2010-08-17
1237,3,8,2010-08-17
1238,5,13,2010-08-17
1239,5,14,2010-08-17
1240,3,15,2010-08-17
1241,1,16,2010-08-17
1242,4,9,2010-08-18
1243,1,13,2010-08-18
1244,4,14,2010-08-18
1245,4,16,2010-08-18
1246,1,17,2010-08-18
1247,2,7,2010-08-19
1248,1,9,2010-08-19
1249,3,10,2010-08-19
1250,1,11,2010-08-19
1251,1,12,2010-08-19
1252,2,13,2010-08-19
1253,1,15,2010-08-19
1254,3,16,2010-08-19
1255,2,7,2010-08-20
1256,2,8,2010-08-20
1257,4,9,2010-08-20
1258,4,12,2010-08-20
1259,1,13,2010-08-20
1260,2,14,2010-08-20
1261,1,15,2010-08-20
1262,1,8,2010-08-23
1263,5,9,2010-08-23
1264,1,13,2010-08-23
1265,6,14,2010-08-23
1266,1,15,2010-08-23
1267,4,7,2010-08-24
1268,4,9,2010-08-24
1269,4,12,2010-08-24
1270,1,14,2010-08-24
1271,2,15,2010-08-24
1272,3,16,2010-08-24
1273,1,7,2010-08-25
1274,1,8,2010-08-25
1275,2,9,2010-08-25
1276,2,10,2010-08-25
1277,2,12,2010-08-25
1278,2,13,2010-08-25
1279,3,14,2010-08-25
1280,1,15,2010-08-25
1281,2,16,2010-08-25
1282,3,9,2010-08-26
1283,3,10,2010-08-26
1284,3,12,2010-08-26
1285,1,13,2010-08-26
1286,2,15,2010-08-26
1287,2,16,2010-08-26
1288,1,7,2010-08-27
1289,1,8,2010-08-27
1290,2,9,2010-08-27
1291,2,11,2010-08-27
1292,2,13,2010-08-27
1293,1,14,2010-08-27
1294,1,15,2010-08-27
1295,2,7,2010-08-29
1296,1,9,2010-08-29
1297,2,10,2010-08-29
1298,2,11,2010-08-29
1299,2,12,2010-08-29
1300,1,13,2010-08-29
1301,2,14,2010-08-29
1302,2,15,2010-08-29
1303,4,16,2010-08-29
1304,2,8,2010-08-30
1305,2,9,2010-08-30
1306,1,12,2010-08-30
1307,2,13,2010-08-30
1308,1,14,2010-08-30
1309,2,15,2010-08-30
1310,2,16,2010-08-30
1311,1,7,2010-08-31
1312,1,8,2010-08-31
1313,4,10,2010-08-31
1314,5,11,2010-08-31
1315,1,13,2010-08-31
1316,4,16,2010-08-31
1317,3,8,2010-09-01
1318,3,9,2010-09-01
1319,4,14,2010-09-01
1320,4,15,2010-09-01
1321,2,16,2010-09-01
1322,2,7,2010-09-02
1323,3,9,2010-09-02
1324,1,10,2010-09-02
1325,2,11,2010-09-02
1326,3,13,2010-09-02
1327,1,14,2010-09-02
1328,1,15,2010-09-02
1329,2,16,2010-09-02
1330,1,17,2010-09-02
1331,2,7,2010-09-03
1332,1,8,2010-09-03
1333,1,9,2010-09-03
1334,3,10,2010-09-03
1335,2,11,2010-09-03
1336,1,12,2010-09-03
1337,2,13,2010-09-03
1338,1,15,2010-09-03
1339,1,16,2010-09-03
1340,2,17,2010-09-03
1341,2,7,2010-09-07
1342,1,10,2010-09-07
1343,3,11,2010-09-07
1344,3,13,2010-09-07
1345,2,14,2010-09-07
1346,2,15,2010-09-07
1347,3,16,2010-09-07
1348,2,8,2010-09-08
1349,2,9,2010-09-08
1350,2,10,2010-09-08
1351,2,11,2010-09-08
1352,2,12,2010-09-08
1353,2,13,2010-09-08
1354,2,14,2010-09-08
1355,2,15,2010-09-08
1356,1,7,2010-09-09
1357,2,8,2010-09-09
1358,1,9,2010-09-09
1359,2,10,2010-09-09
1360,3,12,2010-09-09
1361,3,13,2010-09-09
1362,1,14,2010-09-09
1363,2,15,2010-09-09
1364,2,16,2010-09-09
1365,1,17,2010-09-09
1366,2,8,2010-09-10
1367,1,9,2010-09-10
1368,1,10,2010-09-10
1369,3,11,2010-09-10
1370,1,12,2010-09-10
1371,2,13,2010-09-10
1372,2,15,2010-09-10
1373,2,16,2010-09-10
1374,3,7,2010-09-13
1375,1,8,2010-09-13
1376,4,10,2010-09-13
1377,2,11,2010-09-13
1378,2,14,2010-09-13
1379,2,15,2010-09-13
1380,2,7,2010-09-14
1381,2,11,2010-09-14
1382,1,13,2010-09-14
1383,1,14,2010-09-14
1384,5,15,2010-09-14
1385,2,16,2010-09-14
1386,1,17,2010-09-14
1387,1,7,2010-09-15
1388,4,8,2010-09-15
1389,3,9,2010-09-15
1390,1,10,2010-09-15
1391,3,11,2010-09-15
1392,1,13,2010-09-15
1393,1,14,2010-09-15
1394,2,15,2010-09-15
1395,2,16,2010-09-15
1396,1,8,2010-09-16
1397,2,9,2010-09-16
1398,3,10,2010-09-16
1399,2,11,2010-09-16
1400,2,13,2010-09-16
1401,3,14,2010-09-16
1402,1,15,2010-09-16
1403,2,16,2010-09-16
1404,2,7,2010-09-17
1405,2,8,2010-09-17
1406,3,9,2010-09-17
1407,1,10,2010-09-17
1408,4,11,2010-09-17
1409,3,14,2010-09-17
1410,1,15,2010-09-17
1411,1,7,2010-09-18
1412,1,8,2010-09-18
1413,1,10,2010-09-18
1414,4,11,2010-09-18
1415,2,12,2010-09-18
1416,2,13,2010-09-18
1417,2,14,2010-09-18
1418,2,15,2010-09-18
1419,2,16,2010-09-18
1420,2,8,2010-09-20
1421,2,9,2010-09-20
1422,4,10,2010-09-20
1423,2,12,2010-09-20
1424,2,13,2010-09-20
1425,2,14,2010-09-20
1426,3,15,2010-09-20
1427,1,16,2010-09-20
1428,2,7,2010-09-21
1429,1,8,2010-09-21
1430,3,9,2010-09-21
1431,2,10,2010-09-21
1432,1,13,2010-09-21
1433,3,14,2010-09-21
1434,1,15,2010-09-21
1435,2,16,2010-09-21
1436,1,17,2010-09-21
1437,1,7,2010-09-22
1438,1,8,2010-09-22
1439,4,9,2010-09-22
1440,1,10,2010-09-22
1441,1,11,2010-09-22
1442,1,12,2010-09-22
1443,3,13,2010-09-22
1444,2,14,2010-09-22
1445,3,15,2010-09-22
1446,1,16,2010-09-22
1447,3,7,2010-09-23
1448,3,8,2010-09-23
1449,4,9,2010-09-23
1450,4,10,2010-09-23
1451,2,13,2010-09-23
1452,2,7,2010-09-24
1453,2,9,2010-09-24
1454,2,10,2010-09-24
1455,4,12,2010-09-24
1456,3,14,2010-09-24
1457,3,15,2010-09-24
1458,2,16,2010-09-24
1459,2,8,2010-09-27
1460,2,9,2010-09-27
1461,1,10,2010-09-27
1462,3,11,2010-09-27
1463,4,13,2010-09-27
1464,2,15,2010-09-27
1465,1,16,2010-09-27
1466,1,17,2010-09-27
1467,3,7,2010-09-28
1468,3,8,2010-09-28
1469,6,11,2010-09-28
1470,2,15,2010-09-28
1471,3,8,2010-09-29
1472,3,9,2010-09-29
1473,2,11,2010-09-29
1474,2,14,2010-09-29
1475,2,15,2010-09-29
1476,3,16,2010-09-29
1477,1,17,2010-09-29
1478,1,7,2010-09-30
1479,2,8,2010-09-30
1480,5,9,2010-09-30
1481,2,10,2010-09-30
1482,1,12,2010-09-30
1483,1,13,2010-09-30
1484,4,14,2010-09-30
1485,2,15,2010-09-30
1486,2,7,2010-10-01
1487,2,8,2010-10-01
1488,1,9,2010-10-01
1489,3,10,2010-10-01
1490,3,12,2010-10-01
1491,1,13,2010-10-01
1492,2,14,2010-10-01
1493,2,15,2010-10-01
1494,4,8,2010-10-04
1495,2,10,2010-10-04
1496,3,11,2010-10-04
1497,1,12,2010-10-04
1498,2,13,2010-10-04
1499,4,15,2010-10-04
1500,3,7,2010-10-05
1501,1,8,2010-10-05
1502,6,13,2010-10-05
1503,1,14,2010-10-05
1504,3,15,2010-10-05
1505,4,16,2010-10-05
1506,1,7,2010-10-06
1507,1,8,2010-10-06
1508,2,10,2010-10-06
1509,2,11,2010-10-06
1510,2,13,2010-10-06
1511,3,14,2010-10-06
1512,1,15,2010-10-06
1513,2,7,2010-10-07
1514,4,8,2010-10-07
1515,3,11,2010-10-07
1516,1,12,2010-10-07
1517,6,14,2010-10-07
1518,2,16,2010-10-07
1519,2,7,2010-10-08
1520,2,8,2010-10-08
1521,2,10,2010-10-08
1522,1,11,2010-10-08
1523,2,12,2010-10-08
1524,1,13,2010-10-08
1525,2,14,2010-10-08
1526,2,15,2010-10-08
1527,2,16,2010-10-08
1528,1,7,2010-10-09
1529,3,8,2010-10-09
1530,4,10,2010-10-09
1531,1,11,2010-10-09
1532,3,12,2010-10-09
1533,2,13,2010-10-09
1534,2,14,2010-10-09
1535,2,15,2010-10-09
1536,2,7,2010-10-11
1537,2,8,2010-10-11
1538,2,10,2010-10-11
1539,2,12,2010-10-11
1540,2,13,2010-10-11
1541,1,14,2010-10-11
1542,1,15,2010-10-11
1543,2,16,2010-10-11
1544,2,7,2010-10-12
1545,2,8,2010-10-12
1546,1,9,2010-10-12
1547,2,10,2010-10-12
1548,1,11,2010-10-12
1549,1,12,2010-10-12
1550,1,13,2010-10-12
1551,2,15,2010-10-12
1552,2,16,2010-10-12
1553,2,8,2010-10-13
1554,1,9,2010-10-13
1555,1,10,2010-10-13
1556,2,11,2010-10-13
1557,2,12,2010-10-13
1558,1,13,2010-10-13
1559,2,14,2010-10-13
1560,3,15,2010-10-13
1561,1,16,2010-10-13
1562,2,8,2010-10-14
1563,2,9,2010-10-14
1564,2,10,2010-10-14
1565,2,12,2010-10-14
1566,2,13,2010-10-14
1567,2,15,2010-10-14
1568,1,16,2010-10-14
1569,1,17,2010-10-14
1570,4,8,2010-10-15
1571,2,10,2010-10-15
1572,2,12,2010-10-15
1573,2,13,2010-10-15
1574,2,14,2010-10-15
1575,1,16,2010-10-15
1576,1,17,2010-10-15
1577,5,8,2010-10-17
1578,3,9,2010-10-17
1579,2,15,2010-10-17
1580,8,16,2010-10-17
1581,2,7,2010-10-18
1582,5,8,2010-10-18
1583,1,9,2010-10-18
1584,2,10,2010-10-18
1585,1,11,2010-10-18
1586,3,12,2010-10-18
1587,2,13,2010-10-18
1588,2,15,2010-10-18
1589,2,7,2010-10-19
1590,2,9,2010-10-19
1591,3,10,2010-10-19
1592,1,11,2010-10-19
1593,2,12,2010-10-19
1594,1,13,2010-10-19
1595,1,14,2010-10-19
1596,2,15,2010-10-19
1597,2,16,2010-10-19
1598,2,17,2010-10-19
1599,2,7,2010-10-20
1600,2,9,2010-10-20
1601,1,10,2010-10-20
1602,1,11,2010-10-20
1603,1,12,2010-10-20
1604,1,13,2010-10-20
1605,4,14,2010-10-20
1606,1,15,2010-10-20
1607,3,16,2010-10-20
1608,2,7,2010-10-21
1609,1,8,2010-10-21
1610,1,9,2010-10-21
1611,3,10,2010-10-21
1612,2,12,2010-10-21
1613,2,13,2010-10-21
1614,3,15,2010-10-21
1615,2,16,2010-10-21
1616,2,7,2010-10-22
1617,4,8,2010-10-22
1618,1,12,2010-10-22
1619,3,13,2010-10-22
1620,3,14,2010-10-22
1621,2,15,2010-10-22
1622,3,16,2010-10-22
1623,3,12,2010-10-25
1624,3,13,2010-10-25
1625,2,14,2010-10-25
1626,6,16,2010-10-25
1627,2,17,2010-10-25
1628,2,7,2010-10-26
1629,1,8,2010-10-26
1630,1,9,2010-10-26
1631,1,10,2010-10-26
1632,3,11,2010-10-26
1633,3,12,2010-10-26
1634,2,13,2010-10-26
1635,1,14,2010-10-26
1636,2,16,2010-10-26
1637,2,7,2010-10-27
1638,3,12,2010-10-27
1639,3,13,2010-10-27
1640,4,14,2010-10-27
1641,1,15,2010-10-27
1642,2,16,2010-10-27
1643,1,17,2010-10-27
1644,2,11,2010-10-28
1645,6,12,2010-10-28
1646,4,13,2010-10-28
1647,6,15,2010-10-28
1648,2,7,2010-10-29
1649,1,8,2010-10-29
1650,4,9,2010-10-29
1651,3,10,2010-10-29
1652,3,11,2010-10-29
1653,1,12,2010-10-29
1654,2,14,2010-10-29
1655,2,7,2010-11-01
1656,2,8,2010-11-01
1657,1,9,2010-11-01
1658,3,10,2010-11-01
1659,2,11,2010-11-01
1660,4,13,2010-11-01
1661,1,14,2010-11-01
1662,1,15,2010-11-01
1663,2,16,2010-11-01
1664,6,14,2010-11-02
1665,1,15,2010-11-02
1666,7,16,2010-11-02
1667,3,8,2010-11-03
1668,1,9,2010-11-03
1669,3,10,2010-11-03
1670,1,11,2010-11-03
1671,2,12,2010-11-03
1672,2,13,2010-11-03
1673,2,14,2010-11-03
1674,18,8,2010-11-04
1675,2,7,2010-11-05
1676,1,8,2010-11-05
1677,1,9,2010-11-05
1678,2,11,2010-11-05
1679,2,12,2010-11-05
1680,1,14,2010-11-05
1681,2,15,2010-11-05
1682,3,16,2010-11-05
1683,1,8,2010-11-08
1684,3,9,2010-11-08
1685,2,11,2010-11-08
1686,3,13,2010-11-08
1687,2,14,2010-11-08
1688,3,15,2010-11-08
1689,2,16,2010-11-08
1690,2,7,2010-11-09
1691,2,8,2010-11-09
1692,2,9,2010-11-09
1693,1,10,2010-11-09
1694,3,11,2010-11-09
1695,2,13,2010-11-09
1696,4,14,2010-11-09
1697,1,7,2010-11-10
1698,4,8,2010-11-10
1699,2,9,2010-11-10
1700,3,10,2010-11-10
1701,2,14,2010-11-10
1702,3,15,2010-11-10
1703,3,16,2010-11-10
1704,1,7,2010-11-11
1705,4,9,2010-11-11
1706,3,10,2010-11-11
1707,1,11,2010-11-11
1708,3,12,2010-11-11
1709,4,14,2010-11-11
1710,3,8,2010-11-12
1711,2,9,2010-11-12
1712,1,10,2010-11-12
1713,1,11,2010-11-12
1714,3,12,2010-11-12
1715,2,13,2010-11-12
1716,2,14,2010-11-12
1717,3,15,2010-11-12
1718,1,16,2010-11-12
1719,1,7,2010-11-13
1720,1,8,2010-11-13
1721,3,9,2010-11-13
1722,3,11,2010-11-13
1723,2,12,2010-11-13
1724,2,14,2010-11-13
1725,1,15,2010-11-13
1726,2,16,2010-11-13
1727,1,17,2010-11-13
1728,3,9,2010-11-15
1729,1,10,2010-11-15
1730,2,12,2010-11-15
1731,4,13,2010-11-15
1732,3,14,2010-11-15
1733,3,15,2010-11-15
1734,2,16,2010-11-15
1735,2,8,2010-11-16
1736,1,10,2010-11-16
1737,2,11,2010-11-16
1738,1,12,2010-11-16
1739,2,13,2010-11-16
1740,2,14,2010-11-16
1741,2,15,2010-11-16
1742,1,16,2010-11-16
1743,1,17,2010-11-16
1744,1,7,2010-11-17
1745,1,8,2010-11-17
1746,2,11,2010-11-17
1747,2,12,2010-11-17
1748,1,13,2010-11-17
1749,3,14,2010-11-17
1750,2,15,2010-11-17
1751,1,7,2010-11-18
1752,3,8,2010-11-18
1753,4,9,2010-11-18
1754,1,10,2010-11-18
1755,1,12,2010-11-18
1756,3,13,2010-11-18
1757,2,14,2010-11-18
1758,1,15,2010-11-18
1759,1,7,2010-11-19
1760,1,8,2010-11-19
1761,2,9,2010-11-19
1762,3,11,2010-11-19
1763,3,12,2010-11-19
1764,2,13,2010-11-19
1765,3,15,2010-11-19
1766,1,16,2010-11-19
1767,2,7,2010-11-20
1768,3,10,2010-11-20
1769,2,11,2010-11-20
1770,1,12,2010-11-20
1771,2,13,2010-11-20
1772,1,14,2010-11-20
1773,3,15,2010-11-20
1774,5,10,2010-11-21
1775,1,11,2010-11-21
1776,3,12,2010-11-21
1777,1,13,2010-11-21
1778,4,15,2010-11-21
1779,3,16,2010-11-21
1780,1,17,2010-11-21
1781,2,8,2010-11-22
1782,2,9,2010-11-22
1783,2,10,2010-11-22
1784,2,11,2010-11-22
1785,3,12,2010-11-22
1786,3,13,2010-11-22
1787,2,15,2010-11-22
1788,2,16,2010-11-22
1789,1,9,2010-11-23
1790,3,10,2010-11-23
1791,2,11,2010-11-23
1792,5,13,2010-11-23
1793,2,14,2010-11-23
1794,1,16,2010-11-23
1795,4,8,2010-11-24
1796,4,9,2010-11-24
1797,1,12,2010-11-24
1798,3,13,2010-11-24
1799,4,15,2010-11-24
1800,2,7,2010-11-26
1801,2,9,2010-11-26
1802,2,10,2010-11-26
1803,2,11,2010-11-26
1804,1,12,2010-11-26
1805,3,13,2010-11-26
1806,2,14,2010-11-26
1807,2,16,2010-11-26
1808,3,9,2010-11-28
1809,1,10,2010-11-28
1810,4,12,2010-11-28
1811,2,13,2010-11-28
1812,2,15,2010-11-28
1813,2,16,2010-11-28
1814,2,7,2010-11-29
1815,2,8,2010-11-29
1816,1,10,2010-11-29
1817,3,11,2010-11-29
1818,2,12,2010-11-29
1819,2,14,2010-11-29
1820,4,16,2010-11-29
1821,10,14,2010-11-30
1822,6,15,2010-11-30
1823,3,10,2010-12-01
1824,3,11,2010-12-01
1825,1,12,2010-12-01
1826,3,13,2010-12-01
1827,3,14,2010-12-01
1828,4,15,2010-12-01
1829,3,16,2010-12-01
1830,5,12,2010-12-02
1831,4,13,2010-12-02
1832,6,16,2010-12-02
1833,3,8,2010-12-03
1834,1,9,2010-12-03
1835,2,11,2010-12-03
1836,2,13,2010-12-03
1837,1,14,2010-12-03
1838,1,15,2010-12-03
1839,2,16,2010-12-03
1840,2,17,2010-12-03
1841,2,9,2010-12-05
1842,8,16,2010-12-05
1843,8,17,2010-12-05
1844,2,8,2010-12-06
1845,4,9,2010-12-06
1846,4,13,2010-12-06
1847,2,14,2010-12-06
1848,2,15,2010-12-06
1849,2,16,2010-12-06
1850,2,7,2010-12-07
1851,4,8,2010-12-07
1852,2,10,2010-12-07
1853,3,13,2010-12-07
1854,3,14,2010-12-07
1855,1,7,2010-12-08
1856,2,8,2010-12-08
1857,2,13,2010-12-08
1858,2,14,2010-12-08
1859,2,16,2010-12-08
1860,8,7,2010-12-09
1861,5,9,2010-12-09
1862,3,10,2010-12-09
1863,2,12,2010-12-09
1864,1,8,2010-12-10
1865,1,9,2010-12-10
1866,2,10,2010-12-10
1867,3,11,2010-12-10
1868,1,12,2010-12-10
1869,4,14,2010-12-10
1870,1,15,2010-12-10
1871,1,16,2010-12-10
1872,1,8,2010-12-11
1873,2,9,2010-12-11
1874,1,10,2010-12-11
1875,2,11,2010-12-11
1876,2,12,2010-12-11
1877,1,13,2010-12-11
1878,2,14,2010-12-11
1879,3,15,2010-12-11
1880,2,16,2010-12-11
1881,2,8,2010-12-13
1882,2,9,2010-12-13
1883,1,10,2010-12-13
1884,3,11,2010-12-13
1885,2,12,2010-12-13
1886,2,14,2010-12-13
1887,1,15,2010-12-13
1888,1,16,2010-12-13
1889,5,10,2010-12-14
1890,1,11,2010-12-14
1891,6,16,2010-12-14
1892,2,17,2010-12-14
1893,1,7,2010-12-15
1894,2,8,2010-12-15
1895,1,9,2010-12-15
1896,3,10,2010-12-15
1897,4,12,2010-12-15
1898,2,13,2010-12-15
1899,1,15,2010-12-15
1900,2,16,2010-12-15
1901,1,17,2010-12-15
1902,3,7,2010-12-16
1903,1,8,2010-12-16
1904,4,9,2010-12-16
1905,4,13,2010-12-16
1906,3,14,2010-12-16
1907,1,15,2010-12-16
1908,2,7,2010-12-17
1909,2,8,2010-12-17
1910,2,10,2010-12-17
1911,2,11,2010-12-17
1912,2,13,2010-12-17
1913,4,14,2010-12-17
1914,1,15,2010-12-17
1915,3,16,2010-12-17
1916,2,7,2010-12-20
1917,2,8,2010-12-20
1918,2,10,2010-12-20
1919,2,11,2010-12-20
1920,2,12,2010-12-20
1921,2,13,2010-12-20
1922,2,14,2010-12-20
1923,3,15,2010-12-20
1924,1,16,2010-12-20
1925,1,7,2010-12-21
1926,3,9,2010-12-21
1927,2,10,2010-12-21
1928,2,13,2010-12-21
1929,2,14,2010-12-21
1930,1,15,2010-12-21
1931,2,16,2010-12-21
1932,1,17,2010-12-21
1933,3,8,2010-12-22
1934,2,9,2010-12-22
1935,3,10,2010-12-22
1936,1,12,2010-12-22
1937,1,13,2010-12-22
1938,2,14,2010-12-22
1939,2,15,2010-12-22
1940,2,7,2010-12-25
1941,4,9,2010-12-25
1942,2,11,2010-12-25
1943,1,12,2010-12-25
1944,1,13,2010-12-25
1945,4,14,2010-12-25
1946,2,15,2010-12-25
1947,2,9,2010-12-26
1948,3,10,2010-12-26
1949,1,11,2010-12-26
1950,2,12,2010-12-26
1951,2,13,2010-12-26
1952,2,15,2010-12-26
1953,2,16,2010-12-26
1954,3,7,2010-12-27
1955,3,8,2010-12-27
1956,7,11,2010-12-27
1957,1,12,2010-12-27
1958,1,15,2010-12-27
1959,3,16,2010-12-27
1960,2,10,2010-12-28
1961,4,11,2010-12-28
1962,1,13,2010-12-28
1963,4,14,2010-12-28
1964,3,15,2010-12-28
1965,4,16,2010-12-28
1966,2,8,2010-12-29
1967,2,10,2010-12-29
1968,2,12,2010-12-29
1969,3,13,2010-12-29
1970,2,14,2010-12-29
1971,3,15,2010-12-29
1972,2,16,2010-12-29
1973,1,7,2010-12-30
1974,2,8,2010-12-30
1975,3,9,2010-12-30
1976,3,10,2010-12-30
1977,1,11,2010-12-30
1978,4,12,2010-12-30
1979,2,15,2010-12-30
1980,2,16,2010-12-30
1981,2,8,2010-12-31
1982,2,11,2010-12-31
1983,2,12,2010-12-31
1984,2,13,2010-12-31
1985,2,14,2010-12-31
1986,3,16,2010-12-31
1987,1,17,2010-12-31
1988,2,8,2011-01-01
1989,3,9,2011-01-01
1990,1,10,2011-01-01
1991,1,11,2011-01-01
1992,1,12,2011-01-01
1993,3,13,2011-01-01
1994,1,14,2011-01-01
1995,1,15,2011-01-01
1996,3,16,2011-01-01
1997,2,9,2011-01-03
1998,2,11,2011-01-03
1999,6,12,2011-01-03
2000,3,13,2011-01-03
2001,1,14,2011-01-03
2002,2,15,2011-01-03
2003,2,16,2011-01-03
2004,1,8,2011-01-04
2005,1,9,2011-01-04
2006,2,10,2011-01-04
2007,4,13,2011-01-04
2008,2,14,2011-01-04
2009,3,16,2011-01-04
2010,1,17,2011-01-04
2011,1,12,2011-01-05
2012,1,13,2011-01-05
2013,14,16,2011-01-05
2014,3,7,2011-01-06
2015,1,8,2011-01-06
2016,4,9,2011-01-06
2017,1,11,2011-01-06
2018,3,12,2011-01-06
2019,1,13,2011-01-06
2020,2,14,2011-01-06
2021,3,15,2011-01-06
2022,10,7,2011-01-07
2023,2,8,2011-01-07
2024,6,9,2011-01-07
2025,1,7,2011-01-09
2026,1,8,2011-01-09
2027,2,10,2011-01-09
2028,2,11,2011-01-09
2029,2,12,2011-01-09
2030,3,14,2011-01-09
2031,1,15,2011-01-09
2032,2,16,2011-01-09
2033,3,8,2011-01-10
2034,2,9,2011-01-10
2035,1,10,2011-01-10
2036,1,11,2011-01-10
2037,3,12,2011-01-10
2038,4,14,2011-01-10
2039,1,15,2011-01-10
2040,2,16,2011-01-10
2041,1,17,2011-01-10
2042,3,9,2011-01-11
2043,1,10,2011-01-11
2044,1,11,2011-01-11
2045,1,12,2011-01-11
2046,2,13,2011-01-11
2047,2,14,2011-01-11
2048,3,15,2011-01-11
2049,1,16,2011-01-11
2050,5,9,2011-01-12
2051,1,10,2011-01-12
2052,6,14,2011-01-12
2053,1,16,2011-01-12
2054,3,17,2011-01-12
2055,1,7,2011-01-13
2056,3,8,2011-01-13
2057,2,9,2011-01-13
2058,3,10,2011-01-13
2059,1,11,2011-01-13
2060,2,13,2011-01-13
2061,3,14,2011-01-13
2062,1,15,2011-01-13
